{
  "options": {
    "target_dir": "./output/blabla",
    "zoom_levels": [15, 16, 17]
  },
  "boundingboxes": {
    "firenze": [11.239844, 43.765851, 11.289969, 43.790065],
    "rapperswil": {
      "zoom_levels": [17, 18],
      "tr": 8.818724,
      "tl": 47.222126,
      "br": 8.847435,
      "bl": 47.234629
    },
    "new_york": {
      "tr": -74.02059,
      "tl": 40.646089,
      "br": -73.864722,
      "bl": 40.77413
    }
  }
}